<LREC channel="COMMON" type="14">
    <param name="lrecLen" position="0" len="2" type="bin" endian="little" bitposition="0" signed="False" outputtype="dec" format="na" />
    <param name="lrecOperation" position="2" len="1" type="bin" endian="na" bitposition="0" signed="False" outputtype="hex" format="na" />
    <param name="foreignKey" position="12" len="4" type="bin" endian="na" bitposition="0" signed="False" outputtype="dec" format="na" />
    <param name="pnrFileAddress" position="16" len="4" type="bin" endian="big" bitposition="0" signed="False" outputtype="dec" format="na" />
    <param name="bookingId" position="20" len="16" type="ascii" endian="na" bitposition="0" signed="False" outputtype="ascii" format="na" />
    <param name="carrierCode" oldname="na" position="36" len="2" type="ascii" endian="na" bitposition="0" signed="False" outputtype="ascii" format="na" />
    <param name="directConnectPnrPurged" oldname="na" position="38" len="1" type="bin" endian="na" bitposition="0" signed="False" outputtype="boolean" format="na" />
    <param name="fbatrAwardPnr" oldname="na" position="38" len="1" type="bin" endian="na" bitposition="1" signed="False" outputtype="boolean" format="na" />
    <param name="standaloneInfantPnr" oldname="na" position="38" len="1" type="bin" endian="na" bitposition="2" signed="False" outputtype="boolean" format="na" />
    <param name="infantInPnr" oldname="na" position="38" len="1" type="bin" endian="na" bitposition="3" signed="False" outputtype="boolean" format="na" />
    <param name="purgeDate" oldname="na" position="39" len="8" type="bin" endian="na" bitposition="0" signed="False" outputtype="ascii" format="yyyyMMdd" />
    <param name="purgeCarrierCode" oldname="na" position="47" len="3" type="ascii" endian="na" bitposition="0" signed="False" outputtype="ascii" format="na" />
    <param name="purgeFlightNum" position="50" len="4" type="bin" endian="little" bitposition="0" signed="False" outputtype="dec" format="na" />
    <param name="lastUsedODTripNum" position="56" len="2" type="bin" endian="little" bitposition="0" signed="False" outputtype="dec" format="na" />
    <param name="numberInParty" oldname="na" position="58" len="1" type="bin" endian="little" bitposition="0" signed="False" outputtype="dec" format="na" />
    <param name="recordLocator" oldname="na" position="59" len="6" type="ascii" endian="na" bitposition="0" signed="False" outputtype="ascii" format="na" />
    <param name="creationUtcTs" oldname="na" position="65" len="16" type="ascii" endian="na" bitposition="0" signed="False" outputtype="ascii" format="na" />
    <param name="bookingRevisionSequenceNum" position="81" len="4" type="bin" endian="big" bitposition="0" signed="False" outputtype="dec" format="na" />
</LREC>