<LREC channel="COMMON" type="16">
    <param name="lrecLen" position="0" len="2" type="bin" endian="little" bitposition="0" signed="False" outputtype="dec" format="na" />
    <param name="lrecOperation" position="2" len="1" type="bin" endian="na" bitposition="0" signed="False" outputtype="hex" format="na" />
    <param name="eventActionCode" position="3" len="1" type="ascii" endian="na" bitposition="0" signed="False" outputtype="ascii" format="na" />
    <param name="primaryKey" position="8" len="4" type="bin" endian="big" bitposition="0" signed="False" outputtype="dec" format="na" />
    <param name="foreignKey" position="12" len="4" type="bin" endian="big" bitposition="0" signed="False" outputtype="dec" format="na" />
    <param name="carrierCode" position="16" len="3" type="ascii" endian="na" bitposition="0" signed="False" outputtype="ascii" format="na" />
    <param name="flightNum" position="19" len="4" type="bin" endian="big" bitposition="0" signed="False" outputtype="dec" format="na" />
    <param name="segmentBoardPoint" position="25" len="5" type="ascii" endian="na" bitposition="0" signed="False" outputtype="dec" format="na" />
    <param name="scheduledDepartureLocalTs" position="30" len="16" type="ascii" endian="na" bitposition="0" signed="False" outputtype="ascii" format="na" />
    <param name="scheduledDepartureUtcAdjustment" position="46" len="1" type="bin" endian="big" bitposition="0" signed="False" outputtype="dec" format="na" />
    <param name="segmentOffPoint" position="47" len="5" type="ascii" endian="na" bitposition="0" signed="False" outputtype="ascii" format="na" />
    <param name="scheduledArrivalLocalTs" position="52" len="16" type="ascii" endian="big" bitposition="0" signed="False" outputtype="ascii" format="na" />
    <param name="scheduledArrivalUtcAdjustment" position="68" len="1" type="bin" endian="big" bitposition="0" signed="False" outputtype="dec" format="na" />
</LREC>