<LREC channel="EE08" type="70" >
<param name="lrecLen" oldname="lrecLen" position="0"  len="2"  type="bin"  endian="little"  bitposition="0"  signed="False" outputtype="dec" format="na" label="QW08SIZ"/>
<param name="lrecType" oldname="lrecType" position="2"  len="1"  type="bin"  endian="na"  bitposition="0"  signed="False" outputtype="hex" format="na" label="QW08KEY" />
<param name="eventActionCode" position="3" len="1" type="ascii" endian="na" bitposition="0" signed="False" outputtype="ascii" format="na" label="QW08RQT" />
<param name="lrecPrimaryKey" position="4" len="4" type="ascii" endian="na" bitposition="0" signed="False" outputtype="ascii" format="na" label="QW08PKY"/>
<param name="lrecForeignKey" position="8" len="4" type="ascii" endian="na" bitposition="0" signed="False" outputtype="ascii" format="na" label="QW08FKY" />
<param name="carrierCode" oldname="na" position="12" len="3" type="ascii" endian="na" bitposition="0" signed="False" outputtype="ascii" format="na" label="QW08BCC"/>
<param name="flightNum" position="15" len="4" type="bin" endian="big" bitposition="0" signed="False" outputtype="dec" format="na" label="QW08BFN" />
<param name="flightLegBoardpoint" position="21" len="5" type="ascii" endian="na" bitposition="0" signed="False" outputtype="ascii" format="na" label="QW08BPT"/>
<param name="scheduledDepartureLocalTs" position="26" len="8" type="date" endian="na" bitposition="0" signed="False" outputtype="ascii" format="yyyyMMdd" label="QW08BDT"/>
<param name="boardingControlNum" position="42" len="2" type="bin" endian="big" bitposition="0" signed="False" outputtype="ascii" format="na" label="QW08BCN" />
<param name="bookingId" position="44"  len="16"  type="ascii"  endian="na"  bitposition="0"  signed="False" outputtype="ascii" format="na" label="QW08PID"/>
<param name="customerId" position="60"  len="13"  type="ascii"  endian="na"  bitposition="0"  signed="False" outputtype="ascii" format="na" label="QW08CID"/>
<param name="airSegmentForeignKey" position="60" len="4" type="bin" endian="big" bitposition="0" signed="False" outputtype="dec" format="na" label="QW08IFK"/>
<param name="bcnStatusIndicator" oldname="na" position="77" len="1" type="ascii" endian="na" bitposition="0" signed="False" outputtype="ascii" format="na" label="QW08BST" />
</LREC>