<LREC channel="EE08" type="A1" >
<param name="lrecLen" oldname="lrecLen" position="0"  len="2"  type="bin"  endian="little"  bitposition="0"  signed="False" outputtype="dec" format="na" label="QW08SIZ"/>
<param name="lrecType" oldname="lrecType" position="2"  len="1"  type="bin"  endian="na"  bitposition="0"  signed="False" outputtype="hex" format="na" label="QW08KEY" />
<param name="eventActionCode" position="3" len="1" type="ascii" endian="na" bitposition="0" signed="False" outputtype="ascii" format="na" label="QW08RQT" />
<param name="lrecPrimaryKey" position="4" len="4" type="ascii" endian="na" bitposition="0" signed="False" outputtype="ascii" format="na" label="QW08PKY"/>
<param name="lrecForeignKey" position="8" len="4" type="ascii" endian="na" bitposition="0" signed="False" outputtype="ascii" format="na" label="QW08FKY" />
<param name="standbyListStationDepartureDate"  position="12"  len="8"  type="date"  endian="na"  bitposition="0"  signed="False" outputtype="ascii" format="yyyyMMdd" label="QW08SDT"/>
<param name="standbyListCarrierCode" oldname="na" position="20" len="3" type="ascii" endian="na" bitposition="0" signed="False" outputtype="ascii" format="na" label="QW08SCR"/>
<param name="standbyListFlightNum" position="23" len="4" type="bin" endian="big" bitposition="0" signed="False" outputtype="dec" format="na" label="QW08SFN" />
<param name="standbyLegDepartureStationCode" position="29" len="5" type="ascii" endian="na" bitposition="0" signed="False" outputtype="ascii" format="na" label="QW08DEP"/>
<param name="standbyAirSegmentBoardpoint" position="34" len="5" type="ascii" endian="na" bitposition="0" signed="False" outputtype="ascii" format="na" label="QW08BRD"/>
<param name="standbyAirSegmentOffpoint" position="39" len="5" type="ascii" endian="na" bitposition="0" signed="False" outputtype="ascii" format="na" label="QW08OFF"/>
<param name="standbyCodePriority" position="44" len="2" type="bin" endian="big" bitposition="0" signed="False" outputtype="ascii" format="na" label="QW08POL" />
<param name="standbyCode" position="46" len="4" type="ascii" endian="na" bitposition="0" signed="False" outputtype="ascii" format="na" label="QW08SCD" />
<param name="standbyPriorityTs" position="50"  len="16"  type="dateTime"  endian="na"  bitposition="0"  signed="False" outputtype="ascii" format="yyyyMMddHHmmssSS" label="QW08PDT" />
<param name="standbyCheckInTs" position="66"  len="16"  type="dateTime"  endian="na"  bitposition="0"  signed="False" outputtype="ascii" format="yyyyMMddHHmmssSS" label="QW08CDT" />
<param name="groupNum" position="82" len="1" type="bin" endian="big" bitposition="0" signed="False" outputtype="dec" format="na" label="QW08GRP" />
<param name="confirmationOffpoint" position="83" len="5" type="ascii" endian="na" bitposition="0" signed="False" outputtype="ascii" format="na" label="QW08CFM"/>

<param name="standbyStatusBoarded" oldname="na" position="88" len="1" type="bin" endian="na" bitposition="0" signed="False" outputtype="boolean" />
<param name="standbyStatusRemoved" oldname="na" position="88" len="1" type="bin" endian="na" bitposition="0" signed="False" outputtype="boolean" />
<param name="standbyStatusDeletedFromList" oldname="na" position="88" len="1" type="bin" endian="na" bitposition="0" signed="False" outputtype="boolean" />
<param name="standbyStatusMisconnect" oldname="na" position="88" len="1" type="bin" endian="na" bitposition="0" signed="False" outputtype="boolean" />
<param name="standbyStatusClearedThrough" oldname="na" position="88" len="1" type="bin" endian="na" bitposition="0" signed="False" outputtype="boolean" />
<param name="standbyStatusTransferredTo" oldname="na" position="88" len="1" type="bin" endian="na" bitposition="0" signed="False" outputtype="boolean" />
<param name="standbyStatusTransferredFrom" oldname="na" position="88" len="1" type="bin" endian="na" bitposition="0" signed="False" outputtype="boolean" />
<param name="standbyStatusInboundConnection" oldname="na" position="88" len="1" type="bin" endian="na" bitposition="0" signed="False" outputtype="boolean" />

<param name="throughPassenger" position="89" len="1" type="bin" endian="na" bitposition="0" signed="False" outputtype="boolean" label="QW08PTI" />

<param name="passengerRevenueType" position="90" len="2" type="ascii" endian="na" bitposition="0" signed="False" outputtype="ascii" format="na" label="QW08PRT"/>
<param name="stationNum" position="92" len="2" type="bin" endian="big" bitposition="0" signed="False" outputtype="ascii" format="na" label="QW08STA" />
<param name="standbyListItemNum" position="94" len="2" type="bin" endian="big" bitposition="0" signed="False" outputtype="ascii" format="na" label="QW08INB" />
<param name="passengerCount" position="96" len="2" type="bin" endian="big" bitposition="0" signed="False" outputtype="ascii" format="na" label="QW08NBR" />

<param name="advisoryMessageDateDiscrepancy" position="98" len="1" type="bin" endian="na" bitposition="0" signed="False" outputtype="boolean" label="QW08ADV" />
<param name="advisoryMessageNameDiscrepancy" position="98" len="1" type="bin" endian="na" bitposition="0" signed="False" outputtype="boolean" label="QW08ADV" />
<param name="advisoryMessageAllCouponsSpent" position="98" len="1" type="bin" endian="na" bitposition="0" signed="False" outputtype="boolean" label="QW08ADV" />

<param name="pnrTs" position="99" len="16" type="dateTime" endian="na" bitposition="0" signed="False" outputtype="ascii" format="yyyyMMddHHmmssSS" label="QW08PBT"/>
<param name="transferredToFlightNum" position="115" len="4" type="bin" endian="big" bitposition="0" signed="False" outputtype="dec" format="na" label="QW08TFN"/>
<param name="transferredToFlightDate" position="121" len="8" type="date" endian="na" bitposition="0" signed="False" outputtype="ascii" format="yyyyMMdd" label="QW08TFD"/>
<param name="transferredToFlightStation" position="129" len="5" type="ascii" endian="na" bitposition="0" signed="False" outputtype="ascii" format="na" label="QW08TBD"/>
<param name="transferredFromFlightNum" position="134" len="4" type="bin" endian="big" bitposition="0" signed="False" outputtype="dec" format="na" label="QW08FFN"/>
<param name="transferredFromFlightDate" position="140" len="8" type="date" endian="na" bitposition="0" signed="False" outputtype="ascii" format="yyyyMMdd" label="QW08FFD"/>
<param name="transferredFromFlightStation" position="148" len="5" type="ascii" endian="na" bitposition="0" signed="False" outputtype="ascii" format="na" label="QW08FBD"/>

<param name="allPassengersInBooking" position="153" len="1" type="bin" endian="na" bitposition="0" signed="False" outputtype="boolean" label="QW08TYP" />
<param name="moreThanOneSurname" position="153" len="1" type="bin" endian="na" bitposition="0" signed="False" outputtype="boolean" label="QW08TYP" />
<param name="nonRevenueViaVRU" position="153" len="1" type="bin" endian="na" bitposition="0" signed="False" outputtype="boolean" label="QW08TYP" />
<param name="electronicTicketingAdvisory" position="153" len="1" type="bin" endian="na" bitposition="0" signed="False" outputtype="boolean" label="QW08TYP" />

<param name="notMealListed" position="154" len="1" type="bin" endian="na" bitposition="0" signed="False" outputtype="boolean" label="QW08TIP" />
<param name="passengerClearedFromWaitList" position="154" len="1" type="bin" endian="na" bitposition="0" signed="False" outputtype="boolean" label="QW08TIP" />

<param name="codeShareParticipantCarrierCode" position="155" len="3" type="ascii" endian="na" bitposition="0" signed="False" outputtype="ascii" label="QW08CSP" />
<param name="priorityCriteriaType" position="158" len="1" type="ascii" endian="na" bitposition="0" signed="False" outputtype="ascii" label="QW08PDL" />
<param name="employeeNum" position="159" len="6" type="ascii" endian="na" bitposition="0" signed="False" outputtype="ascii" label="QW08EMP" />
<param name="classOfServiceFirstChoice" position="165" len="2" type="ascii" endian="na" bitposition="0" signed="False" outputtype="ascii" label="QW08CL1" />
<param name="classOfServiceSecondChoice" position="167" len="2" type="ascii" endian="na" bitposition="0" signed="False" outputtype="ascii" label="QW08CL2" />
<param name="classOfServiceThirdChoice" position="169" len="2" type="ascii" endian="na" bitposition="0" signed="False" outputtype="ascii" label="QW08CL3" />
<param name="classOfServiceFourthChoice" position="171" len="2" type="ascii" endian="na" bitposition="0" signed="False" outputtype="ascii" label="QW08CL4" />
<param name="classOfServiceFifthChoice" position="173" len="2" type="ascii" endian="na" bitposition="0" signed="False" outputtype="ascii" label="QW08CL5" />
<param name="inboundCarrierCode" position="175" len="3" type="ascii" endian="na" bitposition="0" signed="False" outputtype="ascii" label="QW08IAC" />
<param name="inboundFlightNum" position="178" len="4" type="bin" endian="big" bitposition="0" signed="False" outputtype="dec" format="na" label="QW08IFN"/>
<param name="outboundCarrierCode" position="184" len="3" type="ascii" endian="na" bitposition="0" signed="False" outputtype="ascii" label="QW08OAC" />
<param name="outboundFlightNum" position="187" len="4" type="bin" endian="big" bitposition="0" signed="False" outputtype="dec" format="na" label="QW08OFN"/>
<param name="outboundFlightDate" position="193" len="8" type="date" endian="na" bitposition="0" signed="False" outputtype="ascii" format="yyyyMMdd" label="QW08OFD"/>
<param name="outboundOffpoint" position="201" len="5" type="ascii" endian="na" bitposition="0" signed="False" outputtype="ascii" format="na" label="QW08OOF"/>
<param name="outboundClassOfServiceFirstChoice" position="206" len="2" type="ascii" endian="na" bitposition="0" signed="False" outputtype="ascii" label="QW08OC1" />
<param name="outboundClassOfServiceSecondChoice" position="208" len="2" type="ascii" endian="na" bitposition="0" signed="False" outputtype="ascii" label="QW08OC2" />
<param name="outboundClassOfServiceThirdChoice" position="210" len="2" type="ascii" endian="na" bitposition="0" signed="False" outputtype="ascii" label="QW08OC3" />
<param name="outboundClassOfServiceFourthChoice" position="212" len="2" type="ascii" endian="na" bitposition="0" signed="False" outputtype="ascii" label="QW08OC4" />
<param name="outboundClassOfServiceFifthChoice" position="214" len="2" type="ascii" endian="na" bitposition="0" signed="False" outputtype="ascii" label="QW08OC5" />
<param name="bookingId" position="216" len="16" type="ascii" endian="na" bitposition="0" signed="False" outputtype="ascii" format="na" label="QW08SBI"/>
<param name="seatRequestCode" position="232" len="3" type="ascii" endian="na" bitposition="0" signed="False" outputtype="ascii" />
<param name="connectionStandbyCode" position="235" len="4" type="ascii" endian="na" bitposition="0" signed="False" outputtype="ascii" />
<param name="connectionPriorityTs" position="239" len="16" type="dateTime" endian="na" bitposition="0" signed="False" outputtype="ascii" format="yyyyMMddHHmmssSS"/>
<param name="connectionPriorityType" position="255" len="1" type="ascii" endian="na" bitposition="0" signed="False" outputtype="ascii" format="na"/>
<param name="connectionCheckInTs" position="256" len="16" type="dateTime" endian="na" bitposition="0" signed="False" outputtype="ascii" format="yyyyMMddHHmmssSS"/>
<param name="alternateSpaceFlightNum" position="272" len="4" type="bin" endian="big" bitposition="0" signed="False" outputtype="dec" format="na"/>
<param name="alternateSpaceFlightDate" position="278" len="8" type="date" endian="na" bitposition="0" signed="False" outputtype="ascii" format="yyyyMMdd"/>
<param name="airSegmentForeignKey" position="286" len="4" type="bin" endian="big" bitposition="0" signed="False" outputtype="dec" format="na"/>

<param name="standbyThruPassenger" position="122" len="1" type="bin" endian="na" bitposition="0" signed="False" outputtype="boolean"/>
<param name="ssrCriteriaExists" position="122" len="1" type="bin" endian="na" bitposition="0" signed="False" outputtype="boolean"/>

<param name="firstPrioritySortValue" position="291" len="1" type="bin" endian="na" bitposition="0" signed="False" outputtype="dec" format="na"/>
<param name="secondPrioritySortValue" position="292" len="1" type="bin" endian="na" bitposition="0" signed="False" outputtype="dec" format="na"/>
<param name="thirdPrioritySortValue" position="293" len="1" type="bin" endian="na" bitposition="0" signed="False" outputtype="dec" format="na"/>
</LREC>