<LREC channel="EE08" type="A2" >
<param name="lrecLen" oldname="lrecLen" position="0"  len="2"  type="bin"  endian="little"  bitposition="0"  signed="False" outputtype="dec" format="na" label="QW08SIZ"/>
<param name="lrecType" oldname="lrecType" position="2"  len="1"  type="bin"  endian="na"  bitposition="0"  signed="False" outputtype="hex" format="na" label="QW08KEY" />
<param name="eventActionCode" position="3" len="1" type="ascii" endian="na" bitposition="0" signed="False" outputtype="ascii" format="na" label="QW08RQT" />
<param name="lrecPrimaryKey" position="4" len="4" type="ascii" endian="na" bitposition="0" signed="False" outputtype="ascii" format="na" label="QW08PKY"/>
<param name="lrecForeignKey" position="8" len="4" type="ascii" endian="na" bitposition="0" signed="False" outputtype="ascii" format="na" label="QW08FKY" />
<param name="customerId" position="12" len="13" type="ascii" endian="na" bitposition="0" signed="False" outputtype="ascii" format="na"/>

<param name="nonRevenueChild" position="25" len="1" type="bin" endian="na" bitposition="0" signed="False" outputtype="boolean"/>
<param name="nonRevenueMinor" position="25" len="1" type="bin" endian="na" bitposition="0" signed="False" outputtype="boolean"/>
<param name="nonRevenuePassenger" position="25" len="1" type="bin" endian="na" bitposition="0" signed="False" outputtype="boolean"/>

<param name="compartmentCode" position="26" len="1" type="ascii" endian="na" bitposition="0" signed="False" outputtype="ascii"/>
<param name="seatId" position="27" len="3" type="ascii" endian="na" bitposition="0" signed="False" outputtype="ascii"/>
<param name="truncatedPassengerName" position="30" len="1" type="ascii" endian="na" bitposition="0" signed="False" outputtype="ascii"/>
</LREC>