{
	"sourceHeader": {
		"messageNum": "1",
		"srcSystem": "RES",
		"channelId": "EE1D",
		"srcUtc": "2021-10-12T08:50:06Z",
		"commandText": "REPLACE BAGGAGE METRICS DATA",
		"eventInstanceKey": "499431198",
		"sequenceNum": "4294967295",
		"eventInstanceId": "?",
		"eventActionCode": "U",
		"transactionId": "RES.EE1D.BGTRQ1.499431198++20211012085006910"
	},
	"bagTrackingEvent": {
		"recordTypeCode": "BGTRQ1",
		"bagUniqueId": "202110120850AF5009340000035228",
		"bagTagNum": "AF500934",
		"bagID": "057AF500934",
		"bagTagFirstDigitNum": "0",
		"bagTagCarrierNum": "057",
		"bagTagCarrierCode": "AF",
		"tagNum": "500934",
		"tpfPnrFileAdr": "719CF515",
		"recordLocatorId": "H8MVUZ",
		"bookingCreationDate": "20210910",
		"metricsTypeCode": "",
		"associatedBagUniqueId": ""
	},
	"bagFlightEvent": [
		{
			"recordTypeCode": "BGEVNT",
			"bagEventSequenceNum": "0000000016",
			"baggageTrackingCode": "PR",
			"baggageTrackingSubClassCode": "**",
			"bagEventLocationCode": "BEY",
			"bagEventAgentSineId": "",
			"bagEventAgentDutyCode": "",
			"bagEventAgentWsineText": "",
			"pssUserId": "",
			"bagEventAgentEmployeeId": "",
			"bagEventUtc": "2021-10-12T08:50:00Z",
			"bagEventPostingUtc": "2021-10-12T08:50:00Z",
			"bagEventFirstPostCode": "Y",
			"bagPassengerFullName": "MASABNI/OMARMARIOMR",
			"bagEventBagItinerarySegmentCount": "2",
			"expediteBagTagNum": "",
			"expediteBagID": "",
			"expediteTagFirstDigitNum": "",
			"expediteTagCarrierCode": "",
			"expediteTagCarrierNum": "",
			"expediteTagNum": "",
			"bagWorldTracerFileReferenceNum": "",
			"bagEventMachineId": "",
			"ebcExemptionCode": "",
			"mergedTrackingEventCode": "",
			"bagDeliveryOrderNumber": "",
			"loadingContainerIdentifier": "",
			"bagFromLocationCode": "",
			"bagToLocationCode": "",
			"baggageTypeCode1Text": "",
			"baggageTypeCode2Text": "",
			"bagWeightPoundCnt": "037",
			"bagTagPrinterWsineText": "",
			"bagEventTypeCode": "TA",
			"bagEventSubtypeCode": "",
			"bagMessageInputMethodCode": "PD",
			"bagMessageApplicationCode": "OA",
			"airportLocalityCode": "",
			"airportLocalityQualifierCode": "",
			"internalAirportLocalityCode": "",
			"internalAirportLocalityQualifierCode": "",
			"baggageTrackingLocationCode": "***",
			"bookingId": "2021091000123756",
			"bagEventCustomerId": "0052883047355",
			"bagEventLocalDate": "20211012",
			"bagEventLocalTimeStamp": "1150",
			"bagProcessingMessageScannerId": "",
			"bagRFIDTagId": "",
			"bagRFIDScanCode": "N",
			"bagRFIDTagTypeCode": "",
			"gpsStaticCode": "N",
			"scanLatitudeSignedDecimal": "",
			"scanLongitudeSignedDecimal": "",
			"flightSegments": [
				{
					"recordTypeCode": "BGFLT1",
					"bagEventFlightOrderNum": "1",
					"bagOperatedAsCarrierCode": "AF",
					"bagOperatedAsFlightNum": "0561",
					"bagFlightSegmentScheduledDepartureLocalDate": "2021-10-12",
					"bagSegmentOriginTransportationStationCode": "BEY",
					"bagSegmentDestinationTransportationAirportCode": "CDG",
					"bagFlightDomesticInternationalCode": "I",
					"bagFlightSegmentScheduledDepartureLocalTime": "02:30",
					"bagFlightSegmentScheduledArrivalLocalTime": "06:10",
					"bagLoadTypeCode": "IB",
					"bagEventSequenceNum": "0000000016",
					"offPointHotBagCode": "N",
					"boardingPointHotBagCode": "N"
				},
				{
					"recordTypeCode": "BGFLT1",
					"bagEventFlightOrderNum": "2",
					"bagOperatedAsCarrierCode": "DL",
					"bagOperatedAsFlightNum": "0097",
					"bagFlightSegmentScheduledDepartureLocalDate": "2021-10-12",
					"bagSegmentOriginTransportationStationCode": "CDG",
					"bagSegmentDestinationTransportationAirportCode": "DTW",
					"bagFlightDomesticInternationalCode": "I",
					"bagFlightSegmentScheduledDepartureLocalTime": "10:30",
					"bagFlightSegmentScheduledArrivalLocalTime": "13:40",
					"bagLoadTypeCode": "LB",
					"bagEventSequenceNum": "0000000016",
					"offPointHotBagCode": "N",
					"boardingPointHotBagCode": "N"
				}
			]
		}
	],
	"flightSegments": [
		{
			"recordTypeCode": "BGFLT1",
			"bagEventFlightOrderNum": "1",
			"bagOperatedAsCarrierCode": "AF",
			"bagOperatedAsFlightNum": "0561",
			"bagFlightSegmentScheduledDepartureLocalDate": "2021-10-12",
			"bagSegmentOriginTransportationStationCode": "BEY",
			"bagSegmentDestinationTransportationAirportCode": "CDG",
			"bagFlightDomesticInternationalCode": "I",
			"bagFlightSegmentScheduledDepartureLocalTime": "02:30",
			"bagFlightSegmentScheduledArrivalLocalTime": "06:10",
			"bagLoadTypeCode": "IB",
			"bagEventSequenceNum": "0000000016",
			"offPointHotBagCode": "N",
			"boardingPointHotBagCode": "N"
		},
		{
			"recordTypeCode": "BGFLT1",
			"bagEventFlightOrderNum": "2",
			"bagOperatedAsCarrierCode": "DL",
			"bagOperatedAsFlightNum": "0097",
			"bagFlightSegmentScheduledDepartureLocalDate": "2021-10-12",
			"bagSegmentOriginTransportationStationCode": "CDG",
			"bagSegmentDestinationTransportationAirportCode": "DTW",
			"bagFlightDomesticInternationalCode": "I",
			"bagFlightSegmentScheduledDepartureLocalTime": "10:30",
			"bagFlightSegmentScheduledArrivalLocalTime": "13:40",
			"bagLoadTypeCode": "LB",
			"bagEventSequenceNum": "0000000016",
			"offPointHotBagCode": "N",
			"boardingPointHotBagCode": "N"
		}
	]
}