<?xml version="1.0" encoding="UTF-8"?>
<TPFMessage msg_number="1" v6="29" v7="01" v8="03" source="RES" channel="EE1D" fileId="17FB" timeStamp="2021-10-12T08:50:06">
	<LREC_EE1D_EE>
		<lrecLen>106</lrecLen>
		<lrecType>EE</lrecType>
		<srcGmtTs>2021101208500691</srcGmtTs>
		<commandText>REPLACE BAGGAGE METRICS DATA</commandText>
		<eventInstanceKey>499431198</eventInstanceKey>
		<sequenceNum>4294967295</sequenceNum>
	</LREC_EE1D_EE>
	<LREC_EE1D_10>
		<lrecLen>39</lrecLen>
		<lrecType>10</lrecType>
		<eventActionCode>U</eventActionCode>
		<sequenceNum>3072262143</sequenceNum>
		<eventInstanceKey>0</eventInstanceKey>
		<BagTranxnFile>7620</BagTranxnFile>
		<eventInstanceId>?</eventInstanceId>
	</LREC_EE1D_10>
	<LREC_EE1D_C0>
		<recordTypeCode>BGTRQ1</recordTypeCode>
		<bagUniqueId>202110120850AF5009340000035228</bagUniqueId>
		<bagTagFirstDigitNum>0</bagTagFirstDigitNum>
		<bagTagCarrierNum>057</bagTagCarrierNum>
		<bagTagCarrierCode>AF</bagTagCarrierCode>
		<tagNum>500934</tagNum>
		<tpfPnrFileAdr>719CF515</tpfPnrFileAdr>
		<recordLocatorId>H8MVUZ</recordLocatorId>
		<bookingCreationDate>20210910</bookingCreationDate>
		<metricsTypeCode/>
		<associatedBagUniqueId/>
	</LREC_EE1D_C0>
	<LREC_EE1D_C1>
		<recordTypeCode>BGEVNT</recordTypeCode>
		<bagEventSequenceNum>0000000016</bagEventSequenceNum>
		<baggageTrackingCode>PR</baggageTrackingCode>
		<baggageTrackingSubClassCode>**</baggageTrackingSubClassCode>
		<bagEventLocationCode>BEY</bagEventLocationCode>
		<bagEventAgentSineId/>
		<bagEventAgentDutyCode/>
		<bagEventAgentWsineText/>
		<pssUserId/>
		<bagEventAgentEmployeeId/>
		<bagEventDate>20211012</bagEventDate>
		<bagEventTime>0850</bagEventTime>
		<bagEventPostingDate>20211012</bagEventPostingDate>
		<bagEventPostingTime>0850</bagEventPostingTime>
		<bagEventFirstPostCode>Y</bagEventFirstPostCode>
		<bagPassengerFullName>MASABNI/OMARMARIOMR</bagPassengerFullName>
		<bagEventBagItinerarySegmentCount>2</bagEventBagItinerarySegmentCount>
		<expediteTagFirstDigitNum/>
		<expediteTagCarrierNum/>
		<expediteTagCarrierCode/>
		<expediteTagCarrierCode/>
		<expediteTagNum/>
		<bagWorldTracerFileReferenceNum/>
		<bagEventMachineId/>
		<ebcExemptionCode/>
		<mergedTrackingEventCode/>
		<bagDeliveryOrderNumber/>
		<loadingContainerIdentifier/>
		<bagFromLocationCode/>
		<bagToLocationCode/>
		<baggageTypeCode1Text/>
		<baggageTypeCode2Text/>
		<bagWeightPoundCnt>037</bagWeightPoundCnt>
		<bagTagPrinterWsineText/>
		<bagEventTypeCode>TA</bagEventTypeCode>
		<bagEventSubtypeCode/>
		<bagMessageInputMethodCode>PD</bagMessageInputMethodCode>
		<bagMessageApplicationCode>OA</bagMessageApplicationCode>
		<airportLocalityCode/>
		<airportLocalityQualifierCode/>
		<internalAirportLocalityCode/>
		<internalAirportLocalityQualifierCode/>
		<baggageTrackingLocationCode>***</baggageTrackingLocationCode>
		<bookingId>2021091000123756</bookingId>
		<bagEventCustomerId>0052883047355</bagEventCustomerId>
		<bagEventLocalDate>20211012</bagEventLocalDate>
		<bagEventLocalTimeStamp>1150</bagEventLocalTimeStamp>
		<bagProcessingMessageScannerId/>
		<bagRFIDTagId/>
		<bagRFIDScanCode>N</bagRFIDScanCode>
		<bagRFIDTagTypeCode/>
		<gpsStaticCode>N</gpsStaticCode>
		<LatitudeDegrees/>
		<LatitudePercentageDegree/>
		<LatitudeCompassIndic/>
		<LongitudeDegrees/>
		<LongitudePercentageDegree/>
		<LongitudeCompassIndic/>
	</LREC_EE1D_C1>
	<LREC_EE1D_C2>
		<recordTypeCode>BGFLT1</recordTypeCode>
		<bagEventFlightOrderNum>1</bagEventFlightOrderNum>
		<bagOperatedAsCarrierCode>AF</bagOperatedAsCarrierCode>
		<bagOperatedAsFlightNum>0561</bagOperatedAsFlightNum>
		<bagFlightSegmentScheduledDepartureLocalDate>12OCT21</bagFlightSegmentScheduledDepartureLocalDate>
		<bagSegmentOriginTransportationStationCode>BEY</bagSegmentOriginTransportationStationCode>
		<bagSegmentDestinationTransportationAirportCode>CDG</bagSegmentDestinationTransportationAirportCode>
		<bagFlightDomesticInternationalCode>I</bagFlightDomesticInternationalCode>
		<bagFlightSegmentScheduledDepartureLocalTime>0230</bagFlightSegmentScheduledDepartureLocalTime>
		<bagFlightSegmentScheduledArrivalLocalTime>0610</bagFlightSegmentScheduledArrivalLocalTime>
		<bagLoadTypeCode>IB</bagLoadTypeCode>
		<bagEventSequenceNum>0000000016</bagEventSequenceNum>
		<offPointHotBagCode>N</offPointHotBagCode>
		<boardingPointHotBagCode>N</boardingPointHotBagCode>
		<worldTracerFileDownloadUsageCode/>
		<internationalToInternationalCode/>
	</LREC_EE1D_C2>
	<LREC_EE1D_C2>
		<recordTypeCode>BGFLT1</recordTypeCode>
		<bagEventFlightOrderNum>2</bagEventFlightOrderNum>
		<bagOperatedAsCarrierCode>DL</bagOperatedAsCarrierCode>
		<bagOperatedAsFlightNum>0097</bagOperatedAsFlightNum>
		<bagFlightSegmentScheduledDepartureLocalDate>12OCT21</bagFlightSegmentScheduledDepartureLocalDate>
		<bagSegmentOriginTransportationStationCode>CDG</bagSegmentOriginTransportationStationCode>
		<bagSegmentDestinationTransportationAirportCode>DTW</bagSegmentDestinationTransportationAirportCode>
		<bagFlightDomesticInternationalCode>I</bagFlightDomesticInternationalCode>
		<bagFlightSegmentScheduledDepartureLocalTime>1030</bagFlightSegmentScheduledDepartureLocalTime>
		<bagFlightSegmentScheduledArrivalLocalTime>1340</bagFlightSegmentScheduledArrivalLocalTime>
		<bagLoadTypeCode>LB</bagLoadTypeCode>
		<bagEventSequenceNum>0000000016</bagEventSequenceNum>
		<offPointHotBagCode>N</offPointHotBagCode>
		<boardingPointHotBagCode>N</boardingPointHotBagCode>
		<worldTracerFileDownloadUsageCode/>
		<internationalToInternationalCode/>
	</LREC_EE1D_C2>
</TPFMessage>
