<?xml version="1.0" encoding="utf-8"?>

<Messages namespace="Delta.Ode.Publisher">
	<!-- End messages with a "." unless the message ends with a
	replaceable parameter that ends with a "." or a newline. -->
	<Message name="ModuleStart" number="1" level="Warning" text="Module started."/>
	<Message name="ModuleExit" number="2" level="Warning" text="Module stopped."/>
	<Message name="ExceptionCaught" number="3" level="Warning" text="An Exception was caught: {0}"/>
	<Message name="IncomingServiceExists" number="4" level="Warning" text="An IncomingService was created that is already an IncomingService for the DataGroup. The service was created by &quot;{2}&quot; using the Policy named &quot;{1}&quot;. The description of the service is &quot;{0}&quot;."/>
	<Message name="ServiceUsedInOtherDataGroup" number="5" level="Warning" text="A service was created that is already being used by &quot;{3}&quot;. Unexpected results could occur. The service was created by &quot;{2}&quot; using the Policy named &quot;{1}&quot;. The description of the service is &quot;{0}&quot;."/>
	<Message name="NoData" number="6" level="Error" text="No data has been received since {0} (TimeSpan: {1})."/>
	<!-- NoDataException is different than ExceptionCaught
	in case someone wants to treat it differently. -->
	<Message name="NoDataException" number="7" level="Error" text="An Exception was caught: {0}"/>
	<Message name="TpfdfMessageStructureProblem" number="8" level="Warning" text="Problem with a TPFDF message. Exception was:{2}{0}{2}Message data:{2}{1}"/>
	<Message name="ProblemUsingTpfdfMessage" number="9" level="Warning" text="Problem using this TPFDF message:{1}{0}"/>
	<Message name="DistributionException" number="10" level="Error" text="{0}: Exception caught: {1}"/>
	<Message name="MessageNozzleGetPendingFailed" number="11" level="Warning" text="{0}: GetPending failed for {1}."/>
	<Message name="MessageNozzleGetPendingException" number="12" level="Warning" text="{0}: Exception on GetPending for {1}: {2}"/>
	<Message name="MessageNozzleWaitedTooLong" number="13" level="Error" text="{0}: Have waited too long (since {2:MM/dd HH:mm:ss}, duration: {3}). Current wait is for {1} to go under {4:n0} (pending is {5:n0})."/>
	<Message name="TpfdfMessageFlowControlWaitedTooLong" number="14" level="Warning" text="{0}: Have waited too long (since {1:MM/dd HH:mm:ss}, duration: {2}). Current message is {3:MM/dd/yy HH:mm:ss.fff}, last allowed was {4:MM/dd/yy HH:mm:ss.fff}."/>
	<Message name="ExceptionCaughtWithExplanation" number="15" level="Error" text="{0} Exception: {1}"/>
	<Message name="FileAlertThreshold1Exceeded" number="16" level="Warning" text="{0}: The number of &quot;{1}{2}&quot; files is {3:n0}."/>
	<Message name="FileAlertThreshold2Exceeded" number="17" level="Error" text="{0}: The number of &quot;{1}{2}&quot; files is {3:n0}."/>
	<Message name="MessageNozzleInducedDelay" number="18" level="Information" text="{0}: Delay of {2:MM/dd HH:mm:ss}, is induced for every {3:n0}) messages on data sent to {1}."/>
	<Message name="GeneralWarning" number="20" level="Warning" text="{0}: {1}" />
	<Message name="MessageSequenceReset" number="21" level="Information" text="{0}" />
	<Message name="MessageSequenceOutOfOrder" number="22" level="Information" text="Message came with out-of-order Sequence#: {0}" />
</Messages>
