<ComponentPolicies>

<!-- ********************************* Module ******************************* -->

	<Policy id="Module">
		<Component type="IModule" name="Delta.Ode.Publisher.Module" impl=".\ode_publisher_dotnet_winsvr\V4.6.13.4\Ode.Publisher.Module.dll" singletonFlg="true">
			<Property id="ProgramName" val="Data Publisher Zulu Service" />
			<Property id="LogMetrics" val="true"/>
			<Property id="UseMetricsCounters" val="false"/>
			<Property id="MetricsUpdateTimeSpan" val="00:20:00"/>
			<!-- <Property id="DataGroup" val="InputDataGroup" /> -->
			<Property id="DataGroup" val="EventDataGroup" />
		</Component>
	</Policy>

<!-- ********************************* InputDataGroup ********************************* -->

	<Policy id="InputDataGroup">
		<Component type="DataGroup" name="notUsed" impl="notUsed" singletonFlg="true">
			<Property id="IncomingService" val="InFileService1" />
			<Property id="Interceptor" val="TpfAdapterInterceptor" />
			<!--Property id="Interceptor" val="MessagePropertiesInterceptor1" /-->
			<Property id="Interceptor" val="JSONXsltInterceptor1" />
			<Property id="Interceptor" val="JSONInterceptor1" />
			<Property id="IgnoreEmptyMessages" val="true" />
			<Property id="OutgoingService" val="OutFileService1" />
		</Component>
	</Policy>

	<Policy id="TpfAdapterInterceptor">
		<Component type="IInterceptor" name="Delta.Ode.Publisher.TpfAdapterInterceptor" impl="Ode.Publisher.Interceptors, Version=4.6.13.4, Culture=neutral, PublicKeyToken=83C8BE4E59958C3A" singletonFlg="true">
			<Property id="Name" val="TpfAdapterInterceptor" />
			<Property id="LoggerName" val="InputLogger" />
			<!-- This property is used to set year correctly on ddMMM format fields where the year is not given
			this offset is used to set a compare date and use that to compare with the parsed date. If parsed date
			is less than that date then we add 1 to year to derive the parsed date correctly in future.
			Assumption here is that we always get future date when compared to this offset date -->
			<Property id="DDMMMFormatYearCheckOffsetDays" val="-2" />
			<Property id="HeaderType" val="ALL" />
			<Property id="DataSource" val="TPF.EE0B" />
			<Property id="LREC Definition File Path" val="C:\PublisherZulu\files\definition\LREC_0B_Defs.xml" />
			<Property id="LogMessageXml" val="true" />
		</Component>
	</Policy>

	<Policy id="InFileService1">
		<Component type="IService" name="Delta.Ode.VectrFileService" impl="Ode.FileService, Version=4.6.3.2, Culture=neutral, PublicKeyToken=83C8BE4E59958C3A" singletonFlg="true" >
			<Property id="FileName" val="PSGR_Reference" />
			<Property id="SpoolDir" val="C:\PublisherZulu\files\input" />
			<Property id="ArchiveDir" val="C:\PublisherZulu\files\archive" />
			<Property id="VectrReverseByteFlag" val="true" />
			<Property id="VectrHeaderExcluded" val="true" />
			<Property id="FileIdleTimeSpan" val="00:00:10" />
			<Property id="Logger" val="DefaultLogger" />
		</Component>
	</Policy>

	<Policy id="MessagePropertiesInterceptor1">
		<Component type="IInterceptor" name="Delta.Ode.Publisher.MessagePropertiesInterceptor" impl="Ode.Publisher.Interceptors, Version=4.6.13.4, Culture=neutral, PublicKeyToken=83C8BE4E59958C3A" singletonFlg="false">
			<Property id="Name" val="MessagePropertiesInterceptor1" />
			<Property id="LoggerName" val="InputLogger" />
			<Property id="AppendMessagePropertiesToXml" val="true" />
			<Property id="PropertiesXsltFile" val="????\files\????\????\MsgProperties.xslt"/>
			<Property id="DerivedMessageProperty" val="SourcePath,*,srcPath,*"/>
			<Property id="DerivedMessageProperty" val="transactionId,*,transactionId,*"/>
			<Property id="DerivedMessageProperty" val="EventCode,*,eventCode,*"/>
			<Property id="DerivedMessageProperty" val="EventActionCode,*,eventActionCode,*"/>
			<!-- Property id="CustomMessageProperty" val="Source,TPF" / -->
			<Property id="LogMessageXml" val="true" />
		</Component>
	</Policy>

	<Policy id="JSONXsltInterceptor1">
		<Component type="IInterceptor" name="Delta.Ode.Publisher.XsltTransformInterceptor" impl="Ode.Publisher.Interceptors, Version=4.6.13.4, Culture=neutral, PublicKeyToken=83C8BE4E59958C3A" singletonFlg="true">
			<Property id="Name" val="JSONXsltInterceptor1" />
			<Property id="LoggerName" val="InputLogger" />
			<Property id="SendMessagePropertiesToXslt" val="true" />
			<Property id="XsltPath" val="C:\PublisherZulu\files\xslt\XmlToJsonSchema.xslt" />
			<Property id="LogMessageXml" val="true" />
		</Component>
	</Policy>

	<Policy id="JSONInterceptor1">
		<Component type="IInterceptor" name="Delta.Ode.Publisher.XMLToJSONInterceptor" impl="Ode.Publisher.Interceptors, Version=4.6.13.4, Culture=neutral, PublicKeyToken=83C8BE4E59958C3A" singletonFlg="true">
			<Property id="Name" val="JSONInterceptor1" />
			<Property id="LoggerName" val="InputLogger" />
			<Property id="SetIndentation" val="true" />
			<Property id="ExcludeRoot" val="true" />
			<Property id="AtSignReplacementString" val="++|AtSign|++" />
			<Property id="IntegerAttributeIndicator" val="++|Integer|++" />
			<Property id="LogMessageXml" val="true" />
		</Component>
	</Policy>

	<Policy id="OutFileService1">
		<Component type="IService" name="Delta.Ode.NewLineFileService" impl="Ode.FileService, Version=4.6.3.2, Culture=neutral, PublicKeyToken=83C8BE4E59958C3A" singletonFlg="true" >
			<Property id="FileName" val="EE0B.StandbyReference.json" />
			<Property id="SpoolDir" val="C:\PublisherZulu\files\ouput" />
			<Property id="MaxFileSize" val="5000" />
			<Property id="FileIdleTimeMinutes" val="2" />
			<Property id="Logger" val="DefaultLogger" />
		</Component>
	</Policy>

<!-- ********************************* EventDataGroup ********************************* -->

	<Policy id="EventDataGroup">
		<Component type="DataGroup" name="notUsed" impl="notUsed" singletonFlg="true">
			<Property id="IncomingService" val="InFileService2" />
			<Property id="Interceptor" val="MessagePropertiesInterceptor2" />
			<Property id="Interceptor" val="JSONXsltInterceptor2" />
			<Property id="Interceptor" val="JSONInterceptor2" />
			<Property id="IgnoreEmptyMessages" val="true" />
			<Property id="OutgoingService" val="OutFileService2" />
		</Component>
	</Policy>

	<Policy id="InFileService2">
		<Component type="IService" name="Delta.Ode.NewLineFileService" impl=".\ode_fileservice_dotnet_winsvr\V4.6.3.2\Ode.FileService.dll" singletonFlg="true" >
			<Property id="FileName" val="Test.xml" />
			<Property id="SpoolDir" val=".\files\input" />
			<Property id="ArchiveDir" val=".\files\archive" />
			<Property id="FileIdleTimeSpan" val="00:00:10" />
			<Property id="Logger" val="EventLogger" />
		</Component>
	</Policy>

	<Policy id="MessagePropertiesInterceptor2">
		<Component type="IInterceptor" name="Delta.Ode.Publisher.MessagePropertiesInterceptor" impl=".\ode_publisher_dotnet_winsvr\V4.6.13.4\Ode.Publisher.Interceptors.dll" singletonFlg="false">
			<Property id="Name" val="MessagePropertiesInterceptor2" />
			<Property id="LoggerName" val="EventLogger" />
			<Property id="AppendMessagePropertiesToXml" val="true" />
			<Property id="MessagePropertiesElementName" val="EventProperties" />
			<Property id="PropertiesXsltFile" val=".\files\Schedules\....MsgProperties.xslt"/>
			<Property id="DerivedMessageProperty" val="SourcePath,*,srcPath,*"/>
			<Property id="DerivedMessageProperty" val="transactionId,*,transactionId,*"/>
			<Property id="DerivedMessageProperty" val="EventCode,*,eventCode,*"/>
			<Property id="DerivedMessageProperty" val="EventActionCode,*,eventActionCode,*"/>
			<!-- Property id="CustomMessageProperty" val="Source,FPES" / -->
			<Property id="LogMessageXml" val="true" />
		</Component>
	</Policy>

	<Policy id="JSONXsltInterceptor2">
		<Component type="IInterceptor" name="Delta.Ode.Publisher.XsltTransformInterceptor" impl=".\ode_publisher_dotnet_winsvr\V4.6.13.4\Ode.Publisher.Interceptors.dll" singletonFlg="true">
			<Property id="Name" val="JSONXsltInterceptor2" />
			<Property id="LoggerName" val="EventLogger" />
			<Property id="SendMessagePropertiesToXslt" val="false" />
			<Property id="XsltPath" val=".\files\Schedules\....XsdToJsonSchema.xslt" />
			<Property id="LogMessageXml" val="true" />
		</Component>
	</Policy>

	<Policy id="JSONInterceptor2">
		<Component type="IInterceptor" name="Delta.Ode.Publisher.XMLToJSONInterceptor" impl=".\ode_publisher_dotnet_winsvr\V4.6.13.4\Ode.Publisher.Interceptors.dll" singletonFlg="true">
			<Property id="Name" val="JSONInterceptor2" />
			<Property id="LoggerName" val="EventLogger" />
			<Property id="SetIndentation" val="true" />
			<Property id="ExcludeRoot" val="true" />
			<Property id="AtSignReplacementString" val="++|AtSign|++" />
			<Property id="IntegerAttributeIndicator" val="++|Integer|++" />
			<Property id="LogMessageXml" val="true" />
		</Component>
	</Policy>

	<Policy id="OutFileService2">
		<Component type="IService" name="Delta.Ode.NewLineFileService" impl=".\ode_fileservice_dotnet_winsvr\V4.6.3.2\Ode.FileService.dll" singletonFlg="true" >
			<Property id="FileName" val="<file_name>" />
			<Property id="SpoolDir" val="./ouput" />
			<Property id="MaxFileSize" val="5000" />
			<Property id="FileIdleTimeMinutes" val="2" />
			<Property id="Logger" val="DefaultLogger" />
		</Component>
	</Policy>

	<Policy id="NamespaceRemoveXsltInterceptor">
		<Component type="IInterceptor" name="Delta.Ode.Publisher.XsltTransformInterceptor" impl=".\ode_publisher_dotnet_winsvr\V4.6.13.4\Ode.Publisher.Interceptors.dll" singletonFlg="true">
			<Property id="Name" val="NamespaceRemoveXsltInterceptor" />
			<Property id="LoggerName" val="DefaultLogger" />
			<Property id="SendMessagePropertiesToXslt" val="false" />
			<Property id="XsltPath" val=".\ode_publisher_dotnet_winsvr\V4.6.13.4\files\RemoveNameSpace.xslt" />
			<Property id="LogMessageXml" val="false" />
		</Component>
	</Policy>


<!-- ********************************* Logging ****************************** -->

	<Policy id="Delta.Ode.LoggerManager">
		<Component type="ILoggerManager" name="Delta.Ode.BasicLoggerManager" impl=".\ode_foundation_dotnet_winsvr\V4.6.0.4\Ode.Loggers.dll" singletonFlg="true">
			<Property id="NumberOfLoggers" val="5" />
			<Property id="Logger1" val="DefaultLogger" />
			<Property id="Logger2" val="InputLogger" />
			<Property id="Logger3" val="EventLogger" />
			<Property id="Logger4" val="Delta.Ode.Publisher.DataGroup-InputDataGroup-Logger" />
			<Property id="Logger5" val="Delta.Ode.Publisher.DataGroup-EventDataGroup-Logger" />
		</Component>
	</Policy>

	<Policy id="DefaultLogger">
		<Component type="ILogger" name="Delta.Ode.Log4netLogger" impl=".\ode_foundation_dotnet_winsvr\V4.6.0.4\Ode.Loggers.dll" singletonFlg="true">
			<Property id="LowestLevelToLog" val="High" />
			<!-- Property id="LowestLevelToLog" val="Medium" / -->
			<!-- Property id="LowestLevelToLog" val="Low" / -->
		</Component>
	</Policy>

	<Policy id="InputLogger">
		<Component type="ILogger" name="Delta.Ode.Log4netLogger" impl=".\ode_foundation_dotnet_winsvr\V4.6.0.4\Ode.Loggers.dll" singletonFlg="true">
			<Property id="LowestLevelToLog" val="Low" />
		</Component>
	</Policy>

	<Policy id="EventLogger">
		<Component type="ILogger" name="Delta.Ode.Log4netLogger" impl=".\ode_foundation_dotnet_winsvr\V4.6.0.4\Ode.Loggers.dll" singletonFlg="true">
			<Property id="LowestLevelToLog" val="Low" />
		</Component>
	</Policy>

	<Policy id="Delta.Ode.Publisher.DataGroup-InputDataGroup-Logger">
		<Component type="ILogger" name="Delta.Ode.Log4netLogger" impl=".\ode_foundation_dotnet_winsvr\V4.6.0.4\Ode.Loggers.dll" singletonFlg="true">
			<Property id="LowestLevelToLog" val="High" />
			<Property id="Log4netLoggerName" val="InputLogger"/>
		</Component>
	</Policy>

	<Policy id="Delta.Ode.Publisher.DataGroup-EventDataGroup-Logger">
		<Component type="ILogger" name="Delta.Ode.Log4netLogger" impl=".\ode_foundation_dotnet_winsvr\V4.6.0.4\Ode.Loggers.dll" singletonFlg="true">
			<Property id="LowestLevelToLog" val="High" />
			<Property id="Log4netLoggerName" val="EventLogger"/>
		</Component>
	</Policy>

	<Policy id="Delta.Ode.Log4netLoggerConfig">
		<Component type="IConfigReader" name="Delta.Ode.ConfigReader" impl=".\ode_foundation_dotnet_winsvr\V4.6.0.4\Ode.ConfigReader.dll" singletonFlg="true">
			<Property id="Log4netConfigFile" val="PublisherZuluLog4net.xml" />
			<Property id="DefaultLog4netLoggerName" val="MainLogger" />
			<Property id="DefaultLowestLevelToLog" val="High" />
			<Property id="DefaultLog4netAlertLoggerName" val="MainAlertLogger" />
			<Property id="AlertMessagesFileName" val="PublisherZuluAlertMessages.xml" />
		</Component>
	</Policy>

	<Policy id="Delta.Ode.FlightUtility">
		<Component type="none" name="none" impl="none" singletonFlg="false">
			<Property id="PrimaryCarrierCode" val="DL" />
			<Property id="PrimaryCarrierIataCode" val="DL" />
			<Property id="PrimaryCarrierIcaoCode" val="DAL" />
			<Property id="PrimaryCarrierCallSign" val="DELTA" />
			<Property id="PrimaryCarrierName" val="Delta Air Lines" />
		</Component>
	</Policy>

</ComponentPolicies>
