<?xml version="1.0" encoding="utf-8" ?>
<configuration>
	<configSections>
		<section name="log4net" type="System.Configuration.IgnoreSectionHandler" />
	</configSections>
	<log4net>
		<root>
			<level value="ALL" />
		</root>

		<logger name="MainLogger">
			<level value="ALL" />
			<appender-ref ref="MainLoggerAppender" />
		</logger>
		<logger name="InputLogger">
			<level value="ALL" />
			<appender-ref ref="InputLoggerAppender" />
		</logger>
		<logger name="EventLogger">
			<level value="ALL" />
			<appender-ref ref="EventLoggerAppender" />
		</logger>
		<logger name="MainAlertLogger">
			<level value="ALL" />
			<appender-ref ref="MainLoggerAppender" />
			<appender-ref ref="MainAlertLoggerAppender" />
		</logger>

		<appender name="MainLoggerAppender" type="log4net.Appender.RollingFileAppender">
			<param name="File" value="./files/logs/Schedules1.log" />
			<param name="AppendToFile" value="true" />
			<param name="MaxSizeRollBackups" value="-1" />
			<param name="MaximumFileSize" value="10MB" />
			<param name="RollingStyle" value="Composite" />
			<param name="StaticLogFileName" value="false" />
			<param name="CountDirection" value="1" />
			<layout type="log4net.Layout.PatternLayout">
				<param name="ConversionPattern" value="%d [%t] %m%n" />
			</layout>
		</appender>

		<appender name="InputLoggerAppender" type="log4net.Appender.RollingFileAppender">
			<param name="File" value="./files/logs/Schedules2.log" />
			<param name="AppendToFile" value="true" />
			<param name="MaxSizeRollBackups" value="-1" />
			<param name="MaximumFileSize" value="10MB" />
			<param name="RollingStyle" value="Composite" />
			<param name="StaticLogFileName" value="false" />
			<param name="CountDirection" value="1" />
			<layout type="log4net.Layout.PatternLayout">
				<param name="ConversionPattern" value="%d [%t] %m%n" />
			</layout>
		</appender>

		<appender name="EventLoggerAppender" type="log4net.Appender.RollingFileAppender">
			<param name="File" value="./files/logs/Schedules3.log" />
			<param name="AppendToFile" value="true" />
			<param name="MaxSizeRollBackups" value="-1" />
			<param name="MaximumFileSize" value="10MB" />
			<param name="RollingStyle" value="Composite" />
			<param name="StaticLogFileName" value="false" />
			<param name="CountDirection" value="1" />
			<layout type="log4net.Layout.PatternLayout">
				<param name="ConversionPattern" value="%d [%t] %m%n" />
			</layout>
		</appender>

		<appender name="MainAlertLoggerAppender" type="log4net.Appender.EventLogAppender">
			<param name="ApplicationName" value="Data Publisher Zulu Service" />
			<layout type="log4net.Layout.PatternLayout">
				<param name="ConversionPattern" value="%m" />
			</layout>
		</appender>
	</log4net>
</configuration>
