<?xml version="1.0" encoding="utf-8" ?>

<MessageInfo xmlns:xi="http://www.w3.org/2003/XInclude">

	 <!--  Offsets for messages  -->
	<MessageNumbersOffset namespace="Delta.Ode.Start" offset="1000" />
	<MessageNumbersOffset namespace="Delta.Ode.FileService" offset="1200" />
	<MessageNumbersOffset namespace="Delta.Ode.Publisher" offset="1500" />
	<MessageNumbersOffset namespace="Delta.Ode.Zulu.Publisher" offset="1900" />	

	 <!--  Read messages in from other handler's specific alert message files -->
	<xi:include href="ode_foundation_dotnet_winsvr\V4.6.0.4\OdeStartAlertMessages.xml" />
	<xi:include href="ode_fileservice_dotnet_winsvr\V4.6.3.2\OdeFileServiceAlertMessages.xml" />
	<xi:include href="ode_publisher_dotnet_winsvr\V4.6.13.4\PublisherAlertMessages.xml" />

	 <!--  DataPublisher Alert messages -->
	<Messages namespace="Delta.Ode.Zulu.Publisher">
		<!-- Note: unless specified {0} argument usually represents Class.Method() tag. -->
		<Message name="GeneralException" number="1" level="Error" text="{0}: Exception caught, Error: {1}" />
		<Message name="GeneralWarning" number="2" level="Warning" text="{0}: {1}" />	
		<Message name="MissingPolicyException" number="3" level="Error" text="{0}: Policy: {1} is missing." />
	</Messages>

</MessageInfo>
