<ComponentPolicies>
	<Policy id="Module">
		<Component type="IModule" name="Delta.Ode.DataFeedService.Module" impl="Ode.DataFeedService.dll" singletonFlg="false">
			<Property id="NumSecsBetweenDataChecks" val="60" />
			<Property id="NumSecsBetweenDataChecksBeforeAlert" val="1000" />
			<Property id="ProcessInvalidMsg" val="True" />
			<Property id="LogTotalMsgCounts" val="True" />
			<Property id="Dispatcher" val="Dispatcher" />
			<Property id="Service" val="FileService" />
		</Component>
	</Policy>


	<!-- Component Dispatcher -->	
	<Policy id="Dispatcher">
		<Component type="IDispatcher" name="Delta.Ode.Dispatcher" impl="Ode.Dispatcher.dll" singletonFlg="false">
			<Property id="Handler" val="SendHandler" />
			<Property id="Handler" val="TestHandler" />
		</Component>
	</Policy>


	<!-- Component SendHandler -->
	<Policy id="SendHandler">
		<Component type="IHandler" name="Delta.Ode.SendServiceHandler" impl="Ode.FileService.dll" singletonFlg="false">
			<Property id="HandlerId" val="0" />
			<Property id="SendService" val="SendFileService" />
		</Component>
	</Policy>

	<!-- Component TestHandler -->
	<Policy id="TestHandler">
		<Component type="IHandler" name="Delta.Ode.TestHandler" impl="Ode.UtilityHandlers.dll" singletonFlg="false">
			<Property id="HandlerId" val="1" />
			<Property id="TpfdfMessage" val="True" />
		</Component>
	</Policy>


	<!-- Different File Service parameters, this FileService reads Vectr messages -->
	<Policy id="FileService">
		<Component type="IService" name="Delta.Ode.VectrFileService" impl="Ode.FileService.dll" singletonFlg="false" >
			<Property id="LogId" val="InFileService" />
			<Property id="FileName" val="TpfInData" />
			<Property id="SpoolDir" val="Spool" />
			<Property id="ArchiveDir" val="Archive" />
			<Property id="VectrReverseByteFlag" val="true" />
			<Property id="VectrHeaderExcluded" val="true" />
			<!-- The message handler property is for file readers only -->
			<Property id="MessageHandler" val="MessageHandlerPolicy" />
			<!-- The exception handler needed if caller wants to handle exceptions -->
			<!-- Property id="ExceptionHandler" val="ExceptionHandlerPolicy" / -->
			<!-- This property is for file xml readers only, default is utf-8 -->
			<Property id="XmlEncoding" val="utf-8" />
			<!-- This property is for file readers only
			and if true then file info messages are sent
			at the begin and end of file reads along with
			regular data messages. Listeners need to look
			for DataFileInfo type xml  messages with
			ODE_MESSAGE_TYPE = DataFileInfo property added on the message
			Default value for this property is false -->
			<Property id="SendDataFileInfoMessage" val="false" />
			<!-- This property is for file writers only
			and if true then file info messages are ignored
			in the send method of FileService implementation.  
			The process just logs DataFileInfo type xml messages where
			message has ODE_MESSAGE_TYPE = DataFileInfo property and
			the messages of this type are not written to the output file.
			Default value for this property is true -->
			<!-- This property is to trigger commits when no data flow
				happens before transaction size reached -->
			<Property id="FileIdleTimeSpan" val="00:00:30" />
			<Property id="IgnoreDataFileInfoMessage" val="true" />
			<!-- This property is for file readers only -->
			<!-- used to sleep inside the loop which constantly polls the data file for new messages -->
			<Property id="SleepMilliSeconds" val="1000" />	<!-- DEPRICATED -->
			<Property id="SleepTimeSpan" val="00:00:01" />
			<!-- This property is for file readers only -->
                        <!-- max count/number of times FileService loops when end of file is reached on reads -->
			<Property id="EOFReadLoopMaxCount" val="120" />
                        <!-- max count/number of times FileService loops when returned incomplete status on reads -->
			<Property id="IncompleteReadLoopMaxCount" val="240" />

			<!-- This property is for file writers only -->
			<!-- if ODE_MESSAGE_SOURCE_PATH property exists and if this property is true
			then the logic gets the input file name from the above property and use it for the
			output filename instead of generated file name and the name changes based on the value
			on the incoming messages, this way input and output files can be in sync -->
			<Property id="RetainOriginalFileName" val="false" />
			<Property id="TransactionManager" val="MainTxnMgr" />
			<Property id="TransactorName" val="InFileTx" />
			<Property id="CommitAuthority" val="true" />
			<Property id="Weight" val="2" />
			<Property id="MaxOperationCnt" val="200" />
			<!-- The following properties are 
				currently not used in FileService -->
			<!--
			<Property id="UseCommitTimeout" val="false" />
			<Property id="CommitTimeoutSecs" val="300" />
			<Property id="UseOperationCnt" val="true" />
			-->
		</Component>
	</Policy>

	<!-- No need to specify message formats on send FileService -->
	<Policy id="SendFileService">
		<Component type="IService" name="Delta.Ode.FileService" impl="Ode.FileService.dll" singletonFlg="false" >
			<Property id="LogId" val="SendFileService" />
			<Property id="FileName" val="TestOutData" />
			<Property id="SpoolDir" val="Spool1" />
			<!-- These properties are for file writers only -->
			<!-- output files can be created/closed
				by either size or time or both -->
			<Property id="MaxFileSize" val="200000" />
			<Property id="MaxFileTimeMinutes" val="2" />	<!-- DEPRICATED -->
			<Property id="MaxFileTimeSpan" val="00:02:00" />
			<!-- this is mutually exclusive with above one -->
			<Property id="FileIdleTimeMinutes" val="10" />	<!-- DEPRICATED -->
			<Property id="FileIdleTimeSpan" val="00:00:30" />
			<!-- the below property dictates how many max messages to be written to each file -->
			<!-- this property is used only if MaxFileSize or MaxFileTimeMinutes are not defined -->
			<!-- recommendation is to match this value with the MaxOperationCnt -->
			<Property id="MaxFileMsgCount" val="200" />
			<!-- these two properties added per PIDS requirements -->
			<Property id="FileNameWithCounter" val="false" />
			<Property id="SpoolFilesByDate" val="false" />

			<Property id="TransactionManager" val="MainTxnMgr" />
			<Property id="TransactorName" val="OutFileTx" />
			<Property id="CommitAuthority" val="true" />
			<Property id="Weight" val="1" />
			<Property id="MaxOperationCnt" val="200" />
			<!-- The following properties are 
				currently not used in FileService -->
			<!--
			<Property id="UseCommitTimeout" val="false" />
			<Property id="CommitTimeoutSecs" val="300" />
			<Property id="UseOperationCnt" val="true" />
			-->
		</Component>
	</Policy>


	<!-- TxMgr policy, this is the main txn manager used in the services -->
	<Policy id="MainTxnMgr">
		<Component type="ITransactionManager" name="Delta.Ode.TransactionManager" impl="Ode.Transaction.dll" singletonFlg="true" >
			<Property id="Name" val="MainTxnMgr" />
		</Component>
	</Policy>


	<!-- Component LogMgr -->
	<Policy id="Delta.Ode.LogMgr">
		<Component type="ILogMgr" name="Delta.Ode.BasicLoggerMgr" impl="Ode.Loggers.dll" singletonFlg="true">
			<Property id="NumberOfLoggers" val="1" />
			<!-- "Logger1" is always the default logger. -->
			<Property id="Logger1" val="DefaultLogger" />
		</Component>
	</Policy>

	<Policy id="DefaultLogger">
		<Component type="ILogger" name="Delta.Ode.Log4netLogger" impl="Ode.Loggers.dll" singletonFlg="true">
			<Property id="LowestLevelToLog" val="Low" />
		</Component>
	</Policy>

	<!-- Log4netLogger configuration common	to all instances: -->
	<Policy id="Delta.Ode.Log4netLoggerConfig">
		<Component type="IConfigReader" name="Delta.Ode.ConfigReader" impl="Ode.ConfigReader.dll" singletonFlg="false">
			<Property id="Log4netConfigFile" val="FileServiceLogConfig.xml" />
			<Property id="DefaultLog4netLoggerName" val="MainLogger" />
			<Property id="DefaultLowestLevelToLog" val="Low" />
			<Property id="DefaultLog4netAlertLoggerName" val="MainAlertLogger" />
			<!--Property id="AlertMessagesFileName"	val="" /-->
		</Component>
	</Policy>




	<!-- This type of file format is used by Empolyee's Adabase data, receive FileService -->
	<Policy id="FixedHeaderFileService">
		<Component type="IService" name="Delta.Ode.FixedHeaderFileService" impl="Ode.FileService" singletonFlg="false" >
			<Property id="FileName" val="TestInData" />
			<Property id="SpoolDir" val="Spool" />
			<Property id="ArchiveDir" val="Archive" />
			<Property id="FixedHeaderLength" val="32" />
			<Property id="MsgLengthValueOffset" val="18" />
			<!--
			<Property id="MsgLengthValueSize" val="4" />
			<Property id="MsgLengthValueType" val="Binary" />
			-->
			<!-- The message handler property is for file readers only -->
			<!-- Property id="MessageHandler" val="MessageHandlerPolicy" / -->
			<!-- The exception handler needed if caller wants to handle exceptions -->
			<!-- Property id="ExceptionHandler" val="ExceptionHandlerPolicy" / -->
			<Property id="TransactionManager" val="MainTxnMgr" />
			<Property id="TransactorName" val="InFileTx" />
			<Property id="CommitAuthority" val="true" />
			<Property id="Weight" val="2" />
			<Property id="MaxOperationCnt" val="200" />
			<!-- The following properties are 
				currently not used in FileService -->
			<!--
			<Property id="UseCommitTimeout" val="false" />
			<Property id="CommitTimeoutSecs" val="300" />
			<Property id="UseOperationCnt" val="true" />
			-->
		</Component>
	</Policy>


	<!-- FileService component to read and write messages delimited with new line -->
	<Policy id="NewLineFileService">
		<Component type="IService" name="Delta.Ode.NewLineFileService" impl="Ode.FileService.dll" singletonFlg="false" >
			<Property id="FileName" val="TestInData" />
			<Property id="SpoolDir" val="Spool" />
			<Property id="ArchiveDir" val="Archive" />
			<!-- The message handler property is for file readers only -->
			<!-- Property id="MessageHandler" val="MessageHandlerPolicy" / -->
			<!-- The exception handler needed if caller wants to handle exceptions -->
			<!-- Property id="ExceptionHandler" val="ExceptionHandlerPolicy" / -->
			<Property id="TransactionManager" val="MainTxnMgr" />
			<Property id="TransactorName" val="InFileTx" />
			<Property id="CommitAuthority" val="true" />
			<Property id="Weight" val="2" />
			<Property id="MaxOperationCnt" val="200" />
			<!-- The following properties are 
				currently not used in FileService -->
			<!--
			<Property id="UseCommitTimeout" val="false" />
			<Property id="CommitTimeoutSecs" val="300" />
			<Property id="UseOperationCnt" val="true" />
			-->
			<!-- Following is and optional Capacity for the StringBuilder
			     to read a fullline into. Default value is 10000 
			<Property id="DefaultMessageSize" val="150" />
			-->
		</Component>
	</Policy>


	<!-- FileService component to read fixed length messages -->
	<Policy id="FixedLengthFileService">
		<Component type="IService" name="Delta.Ode.FixedLengthFileService" impl="Ode.FileService" singletonFlg="false" >
			<Property id="FileName" val="TestInData" />
			<Property id="SpoolDir" val="Spool" />
			<Property id="ArchiveDir" val="Archive" />
			<Property id="FixedMsgLength" val="32" />
			<!-- The message handler property is for file readers only -->
			<!-- Property id="MessageHandler" val="MessageHandlerPolicy" / -->
			<!-- The exception handler needed if caller wants to handle exceptions -->
			<!-- Property id="ExceptionHandler" val="ExceptionHandlerPolicy" / -->
			<Property id="TransactionManager" val="MainTxnMgr" />
			<Property id="TransactorName" val="InFileTx" />
			<Property id="CommitAuthority" val="true" />
			<Property id="Weight" val="2" />
			<Property id="MaxOperationCnt" val="200" />
			<!-- The following properties are 
				currently not used in FileService -->
			<!--
			<Property id="UseCommitTimeout" val="false" />
			<Property id="CommitTimeoutSecs" val="300" />
			<Property id="UseOperationCnt" val="true" />
			-->
		</Component>
	</Policy>

	<!-- ReadEntireFile service component to read the entirity of the file into one message -->
	<!-- recommendation is to set MaxOperationCnt to 1, otherwise the rollback scenario might not work -->
	<Policy id="ReadEntireFileService">
		<Component type="IService" name="Delta.Ode.ReadEntireFileService" impl="Ode.FileService" singletonFlg="false" >
			<Property id="FileName" val="TestInData" />
			<Property id="SpoolDir" val="Spool" />
			<Property id="ArchiveDir" val="Archive" />
			<!-- The message handler property is for file readers only -->
			<!-- Property id="MessageHandler" val="MessageHandlerPolicy" / -->
			<!-- The exception handler needed if caller wants to handle exceptions -->
			<!-- Property id="ExceptionHandler" val="ExceptionHandlerPolicy" / -->
			<Property id="TransactionManager" val="MainTxnMgr" />
			<Property id="TransactorName" val="InFileTx" />
			<Property id="CommitAuthority" val="true" />
			<Property id="Weight" val="2" />
			<Property id="MaxOperationCnt" val="1" />
			<!-- The following properties are 
				currently not used in FileService -->
			<!--
			<Property id="UseCommitTimeout" val="false" />
			<Property id="CommitTimeoutSecs" val="300" />
			<Property id="UseOperationCnt" val="true" />
			-->
		</Component>
	</Policy>

</ComponentPolicies>

